,"case_51_wavelength_501, baseline error","case_51_wavelength_501, boosted model error"
count,240.0,240.0
mean,0.028453760502846884,0.4234035024357661
std,0.01817292359917821,0.04024566502186141
min,0.004494026192213931,0.3142137586083191
25%,0.014656789802893994,0.39517128648525435
50%,0.02307222690737429,0.4255478243029131
75%,0.03865299552801135,0.4535936671308689
max,0.11245128757028038,0.5242208673606323
