,"case_51_wavelength_501, baseline error","case_51_wavelength_501, boosted model error"
count,119.0,119.0
mean,0.024832161466629445,0.44824161383252414
std,0.02605963182635026,0.02634491103563796
min,0.0027381628490363314,0.3923266295693409
25%,0.008580195312354336,0.42745756663156553
50%,0.01566863022416787,0.4468819431911687
75%,0.026064620108361733,0.4691987774227391
max,0.12894661607395727,0.5242030607500087
