,"case_51_wavelength_501, baseline error","case_51_wavelength_501, boosted model error"
count,119.0,119.0
mean,0.02344235225386331,0.44464254583821716
std,0.020314332964719083,0.027526132613535422
min,0.004101022965067793,0.38551433211573866
25%,0.009325853510646487,0.4207260614740934
50%,0.016419459699596316,0.4433683387931079
75%,0.03273474199223956,0.46880848541376174
max,0.12096579306870815,0.49565349182283297
