,"case_51_wavelength_501, baseline error","case_51_wavelength_501, boosted model error"
count,240.0,240.0
mean,0.027840174351275296,0.4242686596373364
std,0.016881996832072303,0.038201618534142744
min,0.005327253436275903,0.3199678056241895
25%,0.015580148927001982,0.39683735402081355
50%,0.02527255123542403,0.43124884311984363
75%,0.03690964383354435,0.4533864062026485
max,0.11763228621851148,0.4924841406812574
